Noah,0.009437,Emma,0.01072
Liam,0.009025,Olivia,0.010142
Mason,0.008408,Sophia,0.009528
Jacob,0.008253,Isabella,0.00875
William,0.008222,Ava,0.008037
Ethan,0.007686,Mia,0.006919
Michael,0.007554,Emily,0.006476
Alexander,0.007535,Abigail,0.006188
James,0.007054,Madison,0.005284
Daniel,0.006813,Charlotte,0.005179
Elijah,0.006761,Harper,0.00492
Benjamin,0.006746,Sofia,0.004914
Logan,0.006671,Avery,0.004899
Aiden,0.006551,Elizabeth,0.004897
Jayden,0.006338,Amelia,0.004503
Matthew,0.006312,Evelyn,0.004479
Jackson,0.005973,Ella,0.004379
David,0.00597,Chloe,0.004372
Lucas,0.005943,Victoria,0.004094
Joseph,0.005923,Grace,0.003912
Anthony,0.00566,Aubrey,0.003903
Andrew,0.005455,Zoey,0.003795
Samuel,0.005375,Natalie,0.003638
Gabriel,0.005337,Addison,0.003578
Joshua,0.005329,Lillian,0.00354
John,0.005226,Brooklyn,0.00349
Carter,0.005219,Lily,0.003468
Luke,0.005135,Hannah,0.003372
Dylan,0.005089,Layla,0.003304
Christopher,0.00506,Scarlett,0.003075
Isaac,0.004877,Aria,0.003033
Oliver,0.004614,Zoe,0.003009
Henry,0.004611,Samantha,0.002932
Sebastian,0.004549,Anna,0.002913
Caleb,0.004509,Leah,0.002869
Owen,0.004473,Audrey,0.002848
Ryan,0.004441,Ariana,0.002814
Nathan,0.004388,Savannah,0.002802
Wyatt,0.004338,Allison,0.002802
Hunter,0.004307,Arianna,0.002697
Jack,0.004276,Camila,0.002672
Christian,0.004133,Gabriella,0.00261
Landon,0.004021,Penelope,0.002603
Jonathan,0.003962,Claire,0.002567
Levi,0.003935,Aaliyah,0.0025
Jaxon,0.003764,Sadie,0.002488
Julian,0.00375,Riley,0.002455
Isaiah,0.003725,Skylar,0.002442
Eli,0.00366,Nora,0.002426
Aaron,0.003613,Sarah,0.002408
Charles,0.00359,Hailey,0.002363
Connor,0.003531,Kaylee,0.002324
Cameron,0.003449,Paisley,0.002301
Thomas,0.003435,Kennedy,0.002299
Jeremiah,0.00336,Ellie,0.002294
Jordan,0.003358,Peyton,0.002277
Nicholas,0.003307,Annabelle,0.00223
Evan,0.003283,Caroline,0.002224
Adrian,0.00327,Serenity,0.002217
Robert,0.003246,Madelyn,0.002206
Gavin,0.003235,Lucy,0.002199
Brayden,0.003216,Aubree,0.002187
Grayson,0.003212,Alexa,0.002174
Josiah,0.003157,Nevaeh,0.00217
Colton,0.003123,Alexis,0.002168
Austin,0.003081,Stella,0.00215
Angel,0.003081,Violet,0.002142
Jace,0.003074,Genesis,0.002132
Dominic,0.003056,Mackenzie,0.002125
Kevin,0.002882,Bella,0.002093
Brandon,0.002855,Autumn,0.002082
Tyler,0.00285,Mila,0.002077
Parker,0.002792,Kylie,0.002026
Ayden,0.002747,Maya,0.002022
Jason,0.002715,Piper,0.00198
Jose,0.002679,Alyssa,0.001961
Ian,0.002666,Taylor,0.00195
Chase,0.002618,Eleanor,0.001913
Adam,0.002604,Faith,0.001904
Hudson,0.00256,Naomi,0.001899
Nolan,0.002544,Melanie,0.001892
Zachary,0.002533,Eva,0.001885
Easton,0.002436,Katherine,0.001883
Blake,0.002416,Lydia,0.001864
Jaxson,0.00241,Brianna,0.001847
Cooper,0.002367,Julia,0.001843
Lincoln,0.002356,Ashley,0.001821
Xavier,0.002332,Khloe,0.001815
Bentley,0.002331,Madeline,0.001762
Kayden,0.00231,Ruby,0.001753
Carson,0.002257,Sophie,0.001735
Brody,0.002113,Alexandra,0.001695
Asher,0.002112,London,0.001683
Nathaniel,0.002104,Lauren,0.001582
Ryder,0.002005,Gianna,0.001576
Justin,0.001969,Isabelle,0.001574
Leo,0.001939,Vivian,0.001568
Tristan,0.001912,Alice,0.001563
Juan,0.001906,Jasmine,0.001548
Luis,0.001906,Hadley,0.001543
Camden,0.001901,Kayla,0.00154
Damian,0.001896,Morgan,0.001537
Elias,0.001846,Cora,0.001518
Vincent,0.001838,Bailey,0.001506
Jase,0.00183,Hazel,0.001487
Mateo,0.001829,Reagan,0.001485
Maxwell,0.001825,Kimberly,0.001484
Miles,0.001799,Clara,0.001461
Micah,0.001789,Sydney,0.00146
Sawyer,0.001756,Trinity,0.001436
Jesus,0.001721,Natalia,0.001432
Max,0.001707,Valentina,0.001423
Roman,0.001695,Rylee,0.001419
Leonardo,0.001685,Maria,0.001418
Santiago,0.001674,Jocelyn,0.001413
Cole,0.001673,Eliana,0.001403
Carlos,0.001672,Aurora,0.001403
Bryson,0.001671,Brielle,0.001357
Ezra,0.001669,Liliana,0.00135
Braxton,0.001638,Mary,0.001348
Brantley,0.001637,Elena,0.001337
Declan,0.001622,Molly,0.001332
Eric,0.00162,Makayla,0.001323
Kaiden,0.001595,Lilly,0.001315
Giovanni,0.001584,Andrea,0.001309
Theodore,0.001575,Quinn,0.001306
Harrison,0.001566,Jordyn,0.001305
Alex,0.001555,Nicole,0.001297
Diego,0.00155,Adalynn,0.001291
Wesley,0.001534,Delilah,0.001286
Bryce,0.001522,Kinsley,0.00125
Ivan,0.001504,Kendall,0.001249
Greyson,0.001488,Ariel,0.001248
Timothy,0.001471,Payton,0.001235
George,0.001468,Paige,0.001233
Weston,0.001449,Mariah,0.00123
Silas,0.001432,Mya,0.00123
Jonah,0.001424,Willow,0.001229
Antonio,0.001414,Brooke,0.001223
Colin,0.001409,Jade,0.001223
Hayden,0.001408,Lyla,0.001219
Richard,0.001407,Ximena,0.001198
Ashton,0.001375,Luna,0.001197
Axel,0.001368,Isabel,0.001191
Steven,0.001367,Mckenzie,0.001188
Kaleb,0.001348,Ivy,0.001171
Miguel,0.001345,Josephine,0.001169
Preston,0.001333,Amy,0.001122
Bryan,0.001332,Laila,0.001098
Jayce,0.001325,Isla,0.001092
Victor,0.001311,Eden,0.001092
Ryker,0.001308,Angelina,0.001087
Patrick,0.001307,Adalyn,0.001084
Joel,0.001302,Londyn,0.001071
Grant,0.001291,Rachel,0.001068
Emmett,0.001289,Destiny,0.001059
Marcus,0.001275,Melody,0.001055
Alejandro,0.001271,Juliana,0.001054
Jameson,0.001267,Kaitlyn,0.001053
Kingston,0.001267,Brooklynn,0.001052
Jude,0.001265,Emery,0.001048
Edward,0.001263,Gracie,0.001047
Maddox,0.001258,Norah,0.001028
Emmanuel,0.001254,Emilia,0.001024
Abel,0.001252,Reese,0.001009
Bennett,0.001244,Aliyah,0.001007
Everett,0.00124,Elise,0.001007
Brian,0.001236,Sara,0.001007
Jeremy,0.001229,Margaret,0.000998
Alan,0.001221,Catherine,0.000994
Kaden,0.001207,Vanessa,0.000986
Jesse,0.001202,Gabrielle,0.000984
Jaden,0.001202,Katelyn,0.000982
Riley,0.001195,Arabella,0.000975
King,0.00119,Valeria,0.000968
Tucker,0.001182,Valerie,0.000964
Kai,0.001176,Adriana,0.00096
Malachi,0.001166,Everly,0.000957
Kyle,0.001165,Jessica,0.00092
Abraham,0.001162,Daisy,0.000914
Ezekiel,0.001161,Rebecca,0.00091
Calvin,0.00114,Makenzie,0.000908
Bradley,0.001136,Lila,0.000908
Oscar,0.001135,Summer,0.000908
Luca,0.001125,Julianna,0.000906
Avery,0.001115,Callie,0.000901
Aidan,0.001114,Ryleigh,0.000896
Zayden,0.001085,Michelle,0.000896
Mark,0.001068,Alaina,0.000892
Jake,0.001059,Presley,0.000892
Kenneth,0.00105,Angela,0.000888
Maximus,0.001044,Harmony,0.000881
Sean,0.001037,Alina,0.000877
Karter,0.001032,Rose,0.000867
Brady,0.001023,Athena,0.000864
Nicolas,0.001014,Emerson,0.000861
Caden,0.001006,Adelyn,0.000857
Cayden,0.001,Alana,0.000856
Graham,0.000996,Izabella,0.000854
Jayceon,0.000983,Hayden,0.000852
Paul,0.000979,Cali,0.00085
Gage,0.000945,Esther,0.00085
Corbin,0.000942,Marley,0.000843
Peter,0.000938,Fiona,0.000843
Derek,0.000918,Stephanie,0.00084
Maverick,0.000918,Cecilia,0.000839
Tanner,0.000908,Jayla,0.00083
Jax,0.000903,Kate,0.000829
Jorge,0.000903,Kinley,0.000828
Peyton,0.000899,Genevieve,0.000823
Xander,0.000896,Alexandria,0.000821
Amir,0.000888,Eliza,0.00082
Gael,0.000884,Alivia,0.000818
Omar,0.000883,Kylee,0.000814
Iker,0.000874,Giselle,0.000807
Elliot,0.000864,Arya,0.000796
Javier,0.000863,Alayna,0.000792
Jasper,0.000855,Leilani,0.000788
Cody,0.000853,Adeline,0.000783
Rylan,0.00085,Ana,0.000783
Andres,0.000836,Jennifer,0.000779
Dean,0.000836,Tessa,0.000778
Collin,0.00083,Finley,0.000773
Zane,0.000828,Melissa,0.000771
Charlie,0.000826,Aniyah,0.000765
Myles,0.000815,Daniela,0.000764
Lorenzo,0.0008,Keira,0.000752
Beau,0.000799,Daleyza,0.000751
Conner,0.000799,Hope,0.000737
Lukas,0.000797,Charlie,0.000736
Simon,0.00079,Lucia,0.000734
Francisco,0.000782,Gabriela,0.000722
Elliott,0.000778,Mckenna,0.000718
Finn,0.000774,Parker,0.000716
Gunner,0.00077,Brynlee,0.000715
Garrett,0.000764,Lola,0.000711
Jaiden,0.000762,Amaya,0.000697
Keegan,0.000761,Maggie,0.000693
Rowan,0.000756,Miranda,0.000692
Judah,0.000755,Anastasia,0.000687
August,0.000753,Georgia,0.000683
Griffin,0.000751,Leila,0.000681
Israel,0.000751,Lexi,0.000681
Chance,0.000746,Kenzie,0.00068
Beckett,0.000745,Iris,0.000678
Brooks,0.000743,Jordan,0.000672
Zander,0.000743,Cassidy,0.00067
Spencer,0.000741,Jacqueline,0.00067
Damien,0.000737,Vivienne,0.000664
Seth,0.000734,Noelle,0.000662
Waylon,0.000733,Camille,0.000659
Devin,0.000728,Josie,0.000658
Travis,0.000728,Teagan,0.000657
Emiliano,0.000723,Adrianna,0.000655
Zion,0.000723,Annabella,0.000654
Ricardo,0.000715,Allie,0.000653
Stephen,0.000706,Juliette,0.000651
Erick,0.000705,Kendra,0.000651
Reid,0.0007,Juliet,0.000649
Martin,0.000699,Sienna,0.000647
Eduardo,0.000699,Brynn,0.000644
Paxton,0.000699,Kali,0.000643
Fernando,0.000686,Danielle,0.000636
Raymond,0.000685,Maci,0.000634
Manuel,0.000675,Jenna,0.000632
Jeffrey,0.000673,Haley,0.000631
Felix,0.000672,Raelynn,0.00063
Josue,0.000667,Delaney,0.00063
Dallas,0.000667,Paris,0.000628
Mario,0.000667,Alexia,0.000626
Clayton,0.000665,Lyric,0.000624
Caiden,0.000662,Gemma,0.000624
Cristian,0.000656,Lilliana,0.000621
Trevor,0.000648,Angel,0.000614
Troy,0.000647,Chelsea,0.000611
Cash,0.000646,Evangeline,0.000608
Shane,0.000634,Ayla,0.000605
Kameron,0.000632,Kayleigh,0.0006
Cesar,0.000627,Lena,0.000598
Emilio,0.000626,Katie,0.000597
Andre,0.000625,Elaina,0.000589
Titus,0.000623,Olive,0.000589
Tyson,0.000623,Madeleine,0.000588
Andy,0.000619,Dakota,0.000587
Donovan,0.000619,Makenna,0.000587
Knox,0.000608,Elsa,0.000584
River,0.000607,Nova,0.00058
Kyler,0.0006,Nadia,0.000576
Louis,0.000599,Kaydence,0.000574
Cruz,0.000597,Journey,0.000573
Holden,0.000595,Alison,0.000572
Hector,0.000593,Jada,0.000572
Rafael,0.000588,Kathryn,0.00057
Landen,0.000587,Shelby,0.000568
Lane,0.000585,Nina,0.000566
Johnathan,0.000582,Phoebe,0.000565
Jared,0.000581,Elliana,0.000564
Messiah,0.000581,Diana,0.000559
Edwin,0.000579,Skyler,0.000555
Johnny,0.000578,Alessandra,0.000554
Archer,0.000578,Eloise,0.000554
Edgar,0.000576,Nyla,0.000553
Alexis,0.000574,Madilyn,0.000551
Anderson,0.000568,Miriam,0.000548
Trenton,0.000565,Amber,0.000545
Arthur,0.000562,Adelynn,0.000543
Sergio,0.000558,Megan,0.000543
Marco,0.000551,Ashlyn,0.000542
Dominick,0.000551,Ruth,0.000542
Julius,0.000551,Rosalie,0.000542
Milo,0.000545,Amiyah,0.000541
Dalton,0.000544,Annie,0.00054
Remington,0.000542,Charlee,0.00054
Gregory,0.000541,Amanda,0.000539
Dante,0.00054,Adelaide,0.000538
Angelo,0.000538,Laura,0.000537
Reed,0.000535,Lilah,0.000537
Jaylen,0.000534,June,0.000537
Marshall,0.00053,Daniella,0.000534
Dawson,0.000528,Mikayla,0.00053
Leon,0.000527,Jane,0.000525
Shawn,0.00052,Raegan,0.000525
Drew,0.000519,Christina,0.000523
Emerson,0.000516,Erin,0.000523
Fabian,0.000512,Joanna,0.000523
Joaquin,0.000511,Ashlynn,0.000522
Walker,0.00051,Haven,0.000521
Karson,0.000507,Kelsey,0.000521
Erik,0.000506,Talia,0.000519
Desmond,0.000505,Fatima,0.000518
Emanuel,0.0005,Allyson,0.000518
Jett,0.000499,Mariana,0.000517
Kendrick,0.000494,Sabrina,0.000516
Ali,0.000493,Elsie,0.000514
Aden,0.000488,Cadence,0.000514
Frank,0.000483,Ainsley,0.000513
Walter,0.000481,Leslie,0.000512
Amari,0.000478,Heaven,0.00051
Colt,0.000478,Arielle,0.000504
Rhett,0.000477,Maddison,0.000504
Romeo,0.000473,Alicia,0.0005
Cohen,0.000472,Lucille,0.000497
Roberto,0.000471,Briella,0.000496
Maximiliano,0.000469,Sawyer,0.000494
Zaiden,0.000469,Heidi,0.000489
Barrett,0.000468,Malia,0.000488
Grady,0.000467,Selena,0.000488
Gideon,0.00046,Kyleigh,0.000487
Drake,0.00046,Harley,0.000485
Major,0.000455,Kira,0.000485
Brendan,0.00045,Sierra,0.000484
Skyler,0.000448,Lana,0.000482
Derrick,0.000445,Kiara,0.000473
Phoenix,0.000445,Paislee,0.000471
Pedro,0.000441,Daphne,0.00047
Noel,0.000439,Kyla,0.00047
Ruben,0.000436,Carly,0.000469
Braden,0.000436,Alondra,0.000469
Dakota,0.000434,Jaylah,0.000467
Nehemiah,0.000433,Cheyenne,0.000465
Cade,0.00043,Bianca,0.000463
Kamden,0.000429,Baylee,0.000461
Quinn,0.000429,Macy,0.000457
Nash,0.000425,Camilla,0.000456
Kason,0.000424,Vera,0.000455
Ronan,0.000423,Catalina,0.000455
Allen,0.000419,Skye,0.000454
Porter,0.000419,Gia,0.000453
Atticus,0.000417,Sloane,0.000451
Enzo,0.000415,Aylin,0.000451
Jay,0.000413,Myla,0.00045
Kash,0.00041,Yaretzi,0.000447
Malik,0.000409,Veronica,0.000446
Matteo,0.000409,Giuliana,0.000444
Adan,0.000408,Macie,0.000444
Finley,0.000407,Esmeralda,0.000443
Abram,0.000407,Ada,0.000442
Braylon,0.000407,Lia,0.000442
Solomon,0.000406,Mckinley,0.00044
Ace,0.000401,Addyson,0.000439
Orion,0.000401,Averie,0.000439
Gunnar,0.000398,Kamryn,0.000437
Clark,0.000397,Carmen,0.000437
Kellan,0.000395,Mallory,0.000435
Corey,0.000395,Jillian,0.000434
Ismael,0.000394,Ariella,0.000432
Brennan,0.000394,Abby,0.000431
Tate,0.000393,Sage,0.000431
Philip,0.00039,Rylie,0.000429
Thiago,0.000389,Scarlet,0.000427
Phillip,0.000389,Logan,0.000425
Jayson,0.000388,Tatum,0.000425
Jensen,0.000387,Dylan,0.000424
Esteban,0.000386,Bethany,0.000423
Ronald,0.000386,Elle,0.000422
Dexter,0.000385,Aspen,0.000421
Pablo,0.000384,Malaysia,0.00042
Dillon,0.000383,Jazmin,0.000419
Armando,0.000378,Camryn,0.000416
Muhammad,0.000378,Gracelyn,0.000416
Bruce,0.000377,Haylee,0.000416
Gerardo,0.000377,Nayeli,0.000414
Brycen,0.000376,Helen,0.000411
Kade,0.000376,Marilyn,0.000408
Marcos,0.000376,Kamila,0.000406
Damon,0.000373,April,0.000406
Kolton,0.000371,Carolina,0.000402
Braylen,0.000371,Amina,0.0004
Russell,0.00037,Raelyn,0.0004
Prince,0.000369,Miracle,0.000399
Leland,0.000368,Julie,0.000399
Milan,0.000368,Blakely,0.000397
Keith,0.000367,Rowan,0.000396
Gannon,0.000367,Angelique,0.000395
Brock,0.000365,Kennedi,0.000394
Enrique,0.000365,Amira,0.000393
Rory,0.000365,Emely,0.000393
Tobias,0.000361,Jayleen,0.000393
Donald,0.000361,Briana,0.000392
Deacon,0.000359,Gwendolyn,0.000391
Chandler,0.000357,Justice,0.000391
Raul,0.000355,Zara,0.00039
Cason,0.000354,Aleah,0.000388
Scott,0.000353,Bristol,0.000386
Ty,0.000352,Itzel,0.000386
Colby,0.00035,Francesca,0.000385
Landyn,0.000349,Emersyn,0.000381
Mohamed,0.000348,Aubrie,0.00038
Leonel,0.000347,Nylah,0.000379
Danny,0.000346,Anaya,0.000378
Kayson,0.000345,Ember,0.000378
Taylor,0.000341,Kelly,0.000378
Warren,0.000341,Karina,0.000377
Dustin,0.00034,Angelica,0.000377
Albert,0.00034,Evelynn,0.000377
Hugo,0.00034,Maliyah,0.000376
Adriel,0.000339,Jimena,0.000374
Ryland,0.000339,Madelynn,0.000374
Keaton,0.000339,Kassidy,0.000373
Ari,0.000336,Melany,0.000373
Jamison,0.000336,Kara,0.000373
Malcolm,0.000333,Jayda,0.000372
Ellis,0.000332,Jazmine,0.000372
Kellen,0.000328,Tiffany,0.000372
Maximilian,0.000327,Dahlia,0.000369
Davis,0.000326,Alejandra,0.000367
Zachariah,0.000325,Annabel,0.000367
Tony,0.000325,Holly,0.000366
Saul,0.000324,Sarai,0.000365
Franklin,0.000322,Gracelynn,0.000364
Rocco,0.000321,Janelle,0.000364
Jerry,0.000321,Braelyn,0.000363
Julio,0.000319,River,0.000361
Arjun,0.000318,Viviana,0.000361
Ibrahim,0.000317,Annalise,0.00036
Nico,0.000317,Serena,0.00036
Jaxton,0.000316,Brittany,0.000357
Jakob,0.000315,Brinley,0.000356
Cyrus,0.000311,Joy,0.000356
Izaiah,0.000311,Cataleya,0.000355
Lawrence,0.000311,Eve,0.000355
Moises,0.00031,Caitlyn,0.000354
Sullivan,0.000309,Madisyn,0.000353
Finnegan,0.000308,Emmalyn,0.000352
Khalil,0.000306,Anabelle,0.000351
Mathew,0.000306,Celeste,0.000348
Case,0.000304,Journee,0.000347
Alec,0.000304,Marissa,0.000347
Pierce,0.000304,Brylee,0.000345
Jaime,0.000302,Marlee,0.000345
Quentin,0.000302,Luciana,0.000345
Kasen,0.000301,Savanna,0.000344
Darius,0.0003,Anya,0.000343
Colten,0.000297,Jazlyn,0.000341
Royce,0.000295,Zuri,0.000341
Odin,0.000294,Kailey,0.000338
Kane,0.00029,Michaela,0.000338
Trey,0.00029,Crystal,0.000337
Francis,0.000289,Madilynn,0.000335
Raiden,0.000289,Lorelei,0.000335
Daxton,0.000288,Nia,0.000334
Gustavo,0.000286,Lacey,0.000334
Moses,0.000285,Guadalupe,0.000333
Alijah,0.000284,Priscilla,0.000333
Rhys,0.000284,Hanna,0.000332
Lawson,0.000282,Kyra,0.000332
Beckham,0.000281,Maeve,0.000332
Harvey,0.000281,Juniper,0.000329
Rodrigo,0.000281,Charley,0.000327
Uriel,0.000281,Jamie,0.000325
Dennis,0.000281,Cynthia,0.000325
Armani,0.000279,Phoenix,0.000324
Marvin,0.000279,Sylvia,0.000324
Darren,0.000277,Karen,0.000323
Frederick,0.000277,Aleena,0.000323
Kian,0.000277,Caitlin,0.000322
Raylan,0.000277,Felicity,0.000321
Mohammed,0.000276,Rebekah,0.00032
Trent,0.000276,Helena,0.000319
Jonas,0.000276,Imani,0.000318
Mitchell,0.000275,Julissa,0.000318
Zayne,0.000275,Karla,0.000317
Callen,0.000274,Elisa,0.000317
Matias,0.000273,Evie,0.000317
Kyrie,0.000272,Lilian,0.000316
Uriah,0.000272,Millie,0.000316
Tristen,0.000269,Raven,0.000315
Sterling,0.000269,Harlow,0.000312
Theo,0.000269,Leia,0.000312
Randy,0.000267,Lillie,0.000312
Korbin,0.000266,Amara,0.00031
Larry,0.000266,Ryan,0.00031
Killian,0.000265,Kailyn,0.000309
Alberto,0.000264,Cassandra,0.000308
Asa,0.000264,Kadence,0.000308
Malakai,0.000264,Lauryn,0.000306
Ricky,0.000264,Hayley,0.000304
Princeton,0.000263,Kaylie,0.000304
Arturo,0.000263,Madalyn,0.000304
Chris,0.000263,Henley,0.000303
Gianni,0.000263,Anika,0.000302
Jimmy,0.000261,Bria,0.000302
Aarav,0.00026,Colette,0.000302
Benson,0.000258,Amari,0.000301
Alonzo,0.000257,Regina,0.000301
Braydon,0.000257,Jaliyah,0.0003
Devon,0.000257,Adelina,0.0003
Justice,0.000257,Anabella,0.0003
Alfredo,0.000257,Fernanda,0.0003
Curtis,0.000257,Alanna,0.000299
Casey,0.000256,Azalea,0.000299
Moshe,0.000256,Lilyana,0.000299
Roy,0.000256,Skyla,0.000299
Legend,0.000255,Addisyn,0.000297
Kobe,0.000254,Zariah,0.000297
Sam,0.000254,Bridget,0.000296
Arlo,0.000253,Selah,0.000295
Winston,0.000253,Braylee,0.000295
Dorian,0.000252,Monica,0.000295
Nikolai,0.000252,Jayden,0.000294
Reece,0.00025,Gloria,0.000292
Lance,0.000249,Johanna,0.000292
Cannon,0.000248,Leighton,0.000291
Wade,0.000248,Addilyn,0.00029
Hayes,0.000246,Kaia,0.00029
Augustus,0.000246,Kaylin,0.000289
Ahmed,0.000245,Aryanna,0.000288
Hendrix,0.000245,Danna,0.000288
Issac,0.000244,Kaliyah,0.000288
Isaias,0.000244,Willa,0.000288
Neymar,0.000244,Aniya,0.000287
Brayan,0.000243,Charleigh,0.000287
Jaxen,0.000243,Anne,0.000286
Nasir,0.000243,Tiana,0.000286
Boston,0.000242,Angie,0.000286
Ronin,0.000242,Winter,0.000285
Talon,0.000241,Alayah,0.000283
Leonidas,0.000241,Danica,0.000283
Luka,0.000241,Bailee,0.000281
Gary,0.00024,Aisha,0.000279
Nikolas,0.00024,Kenley,0.000279
Bowen,0.00024,Lexie,0.000279
Orlando,0.00024,Liberty,0.000278
Vihaan,0.00024,Aileen,0.000277
Quinton,0.00024,Sasha,0.000276
Yahir,0.00024,Braelynn,0.000276
Luciano,0.000239,Katelynn,0.000276
Ahmad,0.000239,Janiyah,0.000275
Ezequiel,0.000239,Mariam,0.000275
Joe,0.000239,Cecelia,0.000274
Royal,0.000239,Annika,0.000273
Ayaan,0.000237,Lindsey,0.000273
Matthias,0.000237,Montserrat,0.000273
Jalen,0.000236,Kaelyn,0.000273
Kieran,0.000236,Mikaela,0.000272
Mauricio,0.000236,Rosemary,0.000272
Noe,0.000236,Tatiana,0.000271
Jamari,0.000236,Marie,0.00027
Conor,0.000234,Cameron,0.000269
Maurice,0.000234,Dallas,0.000268
Johan,0.000234,Virginia,0.000268
Roger,0.000233,Liana,0.000267
Bryant,0.000233,Matilda,0.000267
Lennox,0.000232,Freya,0.000264
Nathanael,0.000232,Lainey,0.000263
Mathias,0.000231,Hallie,0.000261
Nixon,0.000229,Jessie,0.000259
Yusuf,0.000229,Audrina,0.000257
Jacoby,0.000229,Kiera,0.000257
Mohammad,0.000229,Blake,0.000257
Tatum,0.000227,Hattie,0.000257
Eddie,0.000227,Monserrat,0.000255
Kristopher,0.000226,Melina,0.000254
Lewis,0.000226,Laylah,0.000253
Wilson,0.000225,Alyson,0.000253
Alvin,0.000225,Emilee,0.000253
Raphael,0.000225,Greta,0.000253
Douglas,0.000223,Maryam,0.000253
Mekhi,0.000222,Beatrice,0.000251
Eden,0.00022,Dayana,0.000251
Dax,0.000219,Jaelynn,0.00025
Salvador,0.000219,Elisabeth,0.000249
Hank,0.000219,Frances,0.000248
Cullen,0.000219,Kensley,0.000246
Toby,0.000218,Saige,0.000246
Emmitt,0.000216,Shiloh,0.000245
Lucian,0.000215,Elyse,0.000244
Rayan,0.000215,Rosa,0.000244
Jefferson,0.000214,Aranza,0.000244
Casen,0.000214,Meredith,0.000244
Roland,0.000214,Mira,0.000244
Bodhi,0.000213,Alani,0.000242
Carl,0.000213,Charli,0.000242
Crosby,0.000213,Linda,0.000241
London,0.000213,Lylah,0.00024
Dominik,0.000212,Alena,0.000238
Zackary,0.000212,Ansley,0.000238
Niko,0.000211,Jaycee,0.000237
Deandre,0.000209,Joselyn,0.000237
Hamza,0.000208,Whitney,0.000237
Remy,0.000208,Emelia,0.000237
Sincere,0.000207,Miah,0.000237
Quincy,0.000207,Edith,0.000236
Alessandro,0.000206,Kynlee,0.000236
Dane,0.000206,Breanna,0.000235
Terry,0.000206,Tenley,0.000235
Samson,0.000205,Maia,0.000233
Layne,0.000205,Pearl,0.000232
Madden,0.000204,Anahi,0.000231
Otto,0.000204,Chanel,0.000231
Jasiah,0.000203,Coraline,0.000231
Santino,0.000203,Kimber,0.000231
Rohan,0.000202,Lilith,0.000231
Abdullah,0.000202,Demi,0.000231
Skylar,0.000202,Samara,0.00023
Bo,0.000201,Laney,0.00023
Kyson,0.000201,Jemma,0.000229
Atlas,0.000201,Malaya,0.000229
Brentley,0.000201,Myra,0.000229
Marc,0.000201,Kaylynn,0.000228
Soren,0.000201,Jaelyn,0.000227
Layton,0.0002,Bryanna,0.000227
Payton,0.0002,Kallie,0.000226
Sage,0.000199,Lilianna,0.000226
Harley,0.000199,Natasha,0.000226
Nelson,0.000199,Elianna,0.000226
Aldo,0.000198,Perla,0.000226
Conrad,0.000198,Amani,0.000225
Reese,0.000198,Blair,0.000225
Ramon,0.000198,Nathalie,0.000225
Morgan,0.000197,Elaine,0.000224
Ernesto,0.000197,Madalynn,0.000224
Carmelo,0.000196,Maisie,0.000224
Byron,0.000196,Karsyn,0.000223
Kristian,0.000196,Renata,0.000223
Neil,0.000194,Ellen,0.000222
Oakley,0.000194,Erica,0.000222
Flynn,0.000191,Marina,0.000222
Tomas,0.000191,Lindsay,0.000222
Kylan,0.00019,Remi,0.000222
Lionel,0.00019,Kiley,0.000221
Jeffery,0.000189,Dulce,0.000221
Rex,0.000189,Emmy,0.000221
Brett,0.000189,Amelie,0.00022
Leonard,0.000188,Irene,0.00022
Callan,0.000188,Amirah,0.000219
Duke,0.000188,Ivanna,0.000219
Zechariah,0.000188,Mabel,0.000219
Bruno,0.000186,Livia,0.000218
Sylas,0.000186,Armani,0.000218
Melvin,0.000186,Milan,0.000217
Julien,0.000185,Ciara,0.000216
Tripp,0.000185,Cara,0.000216
Blaine,0.000184,Kathleen,0.000216
Branson,0.000184,Erika,0.000215
Guillermo,0.000184,Jaylynn,0.000215
Jon,0.000184,Caylee,0.000215
Arian,0.000182,Paola,0.000214
Zain,0.000182,Alma,0.000214
Rayden,0.000182,Courtney,0.000214
Brodie,0.000181,Chaya,0.000213
Stanley,0.000181,Lea,0.000212
Joey,0.00018,Kassandra,0.000212
Memphis,0.00018,Maleah,0.000212
Crew,0.00018,Mae,0.000211
Emery,0.000179,Karlee,0.000211
Kelvin,0.000179,Remington,0.000211
Amos,0.000178,Jasmin,0.00021
Terrance,0.000178,Leyla,0.00021
Yosef,0.000177,Mina,0.00021
Channing,0.000176,Christine,0.000209
Edison,0.000176,Mara,0.000209
Demetrius,0.000175,Ariah,0.000209
Lennon,0.000175,Kora,0.000209
Cayson,0.000175,Lailah,0.000207
Cory,0.000175,Raquel,0.000207
Rodney,0.000174,Siena,0.000207
Xzavier,0.000174,Jaylee,0.000206
Elian,0.000173,Lennon,0.000206
Bronson,0.000173,Hadassah,0.000206
Dayton,0.000172,Wren,0.000206
Lee,0.000171,Kenya,0.000205
Bentlee,0.00017,Desiree,0.000205
Cassius,0.000169,Isis,0.000205
Chad,0.000169,Aliana,0.000204
Jagger,0.000168,Avah,0.000204
Brenden,0.000167,Amia,0.000203
Fletcher,0.000167,Amiya,0.000203
Makai,0.000167,Zaniyah,0.000203
Omari,0.000167,Madyson,0.000202
Westin,0.000167,Cindy,0.000202
Alonso,0.000166,Kayden,0.000202
Forrest,0.000165,Everleigh,0.000201
Alden,0.000164,Celine,0.0002
Felipe,0.000164,Eileen,0.0002
Harry,0.000164,Aryana,0.0002
Ben,0.000164,Reyna,0.0002
Enoch,0.000164,Simone,0.000199
Maxim,0.000164,Teresa,0.000199
Davion,0.000163,Isabela,0.000199
Nickolas,0.000163,Jolene,0.000199
Allan,0.000163,Myah,0.000199
Tommy,0.000163,Marjorie,0.000198
Willie,0.000162,Clare,0.000198
Adonis,0.000161,Dorothy,0.000197
Cain,0.000161,Claudia,0.000197
Kody,0.000161,Elin,0.000197
Terrence,0.000161,Emilie,0.000197
Harper,0.00016,Noemi,0.000197
Callum,0.00016,Tori,0.000197
Ray,0.00016,Brenda,0.000196
Thaddeus,0.00016,Leanna,0.000196
Elisha,0.000159,Martha,0.000196
Jermaine,0.000159,Alia,0.000196
Kamari,0.000158,Corinne,0.000196
Shaun,0.000158,Sky,0.000195
Zeke,0.000158,Patricia,0.000194
Markus,0.000158,Ally,0.000194
Aron,0.000157,Leona,0.000194
Aydin,0.000157,Margot,0.000193
Lucca,0.000157,Arely,0.000193
Ariel,0.000156,Emory,0.000193
Keagan,0.000156,Lisa,0.000193
Marcelo,0.000156,Paityn,0.000193
Marlon,0.000156,Thalia,0.000193
Vicente,0.000156,Carolyn,0.000191
Aryan,0.000155,Jazlynn,0.000191
Anders,0.000154,Meadow,0.000191
Langston,0.000154,Shayla,0.000191
Ulises,0.000154,Averi,0.000191
Kareem,0.000153,Nataly,0.000191
Alexzander,0.000153,Deborah,0.00019
Ronnie,0.000153,Lizbeth,0.00019
Will,0.000153,Ivory,0.00019
Bobby,0.000153,Nancy,0.00019
Davian,0.000152,Milana,0.000189
Kendall,0.000152,Khaleesi,0.000189
Samir,0.000152,Milania,0.000189
Hassan,0.000151,Yareli,0.000189
Jadiel,0.000151,Farrah,0.000188
Kingsley,0.000151,Elliot,0.000188
Axton,0.000151,Janessa,0.000188
Trace,0.000151,Zoie,0.000187
Yousef,0.00015,Adele,0.000187
Jamal,0.00015,Emmalynn,0.000187
Valentino,0.00015,Clarissa,0.000186
Kaysen,0.000149,Hailee,0.000186
Maxton,0.000149,Oakley,0.000186
Brecken,0.000149,Thea,0.000186
Fisher,0.000149,Halle,0.000186
Giovani,0.000148,Hunter,0.000186
Blaze,0.000147,Lina,0.000186
Mayson,0.000147,Sariah,0.000186
Javon,0.000147,Brenna,0.000185
Kolby,0.000147,Galilea,0.000185
Van,0.000147,Naya,0.000185
Hezekiah,0.000146,Sutton,0.000185
Jedidiah,0.000146,Denise,0.000184
Kolten,0.000145,Giana,0.000184
Misael,0.000145,Kristina,0.000184
Ares,0.000144,Monroe,0.000183
Jamie,0.000144,Wendy,0.000183
Rogelio,0.000144,Liv,0.000183
Bode,0.000144,Nathaly,0.000183
Leandro,0.000144,Danika,0.000182
Rowen,0.000144,Aubrielle,0.000182
Cedric,0.000143,Carter,0.000182
Urijah,0.000143,Celia,0.000182
Chaim,0.000142,Jolie,0.000182
Eugene,0.000142,Taliyah,0.000182
Wayne,0.000142,Jaylene,0.000181
Kase,0.000142,Miley,0.000181
Braeden,0.000141,Casey,0.000181
Camron,0.000141,Dana,0.000181
Kole,0.000141,Sandra,0.000181
Alfred,0.00014,Yamileth,0.000181
Billy,0.00014,Joyce,0.00018
Darian,0.00014,Milena,0.00018
Duncan,0.00014,Zariyah,0.00018
Maison,0.00014,Saylor,0.00018
Rene,0.00014,Ariadne,0.000179
Apollo,0.00014,Aviana,0.000179
Adrien,0.000139,Nola,0.000178
Jerome,0.000139,Alaya,0.000177
Mack,0.000139,Asia,0.000177
Reginald,0.000139,Cherish,0.000177
Clyde,0.000139,Mollie,0.000177
Anson,0.000138,Dixie,0.000176
Jessie,0.000138,Marisol,0.000176
Ishaan,0.000137,Penny,0.000176
Javion,0.000137,Rylan,0.000175
Micheal,0.000137,Esme,0.000175
Vincenzo,0.000137,Adrienne,0.000174
Gauge,0.000136,Kristen,0.000174
Camdyn,0.000136,Laurel,0.000174
Gerald,0.000136,Roselyn,0.000174
Justus,0.000136,Aliza,0.000174
Keenan,0.000136,Kori,0.000174
Marley,0.000136,Lorelai,0.000173
Junior,0.000135,Aimee,0.000173
Terrell,0.000135,Lara,0.000173
Braiden,0.000134,Sloan,0.000173
Draven,0.000134,Katalina,0.000172
Franco,0.000134,Magnolia,0.000172
Jamir,0.000134,Amya,0.000172
Brantlee,0.000133,Carlee,0.000172
Landry,0.000133,Jenny,0.000172
Giancarlo,0.000133,Aurelia,0.000171
Harold,0.000133,Aubri,0.000171
Stetson,0.000133,Ayleen,0.000171
Titan,0.000133,Natalee,0.000171
Dilan,0.000132,Iliana,0.00017
Joziah,0.000132,Ariya,0.000169
Zayn,0.000132,Elliott,0.000169
Azariah,0.000131,Collins,0.000168
Briggs,0.000131,Evalyn,0.000168
Jonathon,0.000131,Hana,0.000168
Kyree,0.000131,Heather,0.000168
Marquis,0.000131,Jessa,0.000168
Tyrone,0.000131,Kenna,0.000168
Axl,0.000131,Rayna,0.000168
Clay,0.000131,Rory,0.000168
Lamar,0.00013,Estrella,0.000167
Kenny,0.00013,Jordynn,0.000167
Reuben,0.000129,Rosie,0.000167
Alfonso,0.000129,Aiyana,0.000167
Amare,0.000129,America,0.000166
Brent,0.000129,Susan,0.000166
Dariel,0.000129,Tegan,0.000166
Blaise,0.000128,Angeline,0.000165
Marcel,0.000128,Janiya,0.000165
Finnley,0.000127,Lillianna,0.000165
Jaydon,0.000127,Abbigail,0.000165
Stefan,0.000127,Temperance,0.000165
Darrell,0.000127,Alissa,0.000164
Gibson,0.000127,Barbara,0.000164
Jadon,0.000127,Briley,0.000164
Triston,0.000126,Emmalee,0.000164
Abdiel,0.000126,Taryn,0.000164
Kalel,0.000126,Carla,0.000164
Steve,0.000126,Chana,0.000163
Emory,0.000125,Kailee,0.000163
Jairo,0.000125,Kenia,0.000163
Lyric,0.000125,Zaria,0.000163
Rudy,0.000125,Aliya,0.000162
Eliezer,0.000124,Bonnie,0.000162
Hugh,0.000124,Joslyn,0.000162
Thatcher,0.000124,Jewel,0.000161
Castiel,0.000124,Marianna,0.000161
Henrik,0.000124,Paloma,0.000161
Graysen,0.000123,Giovanna,0.00016
Konnor,0.000123,Hadleigh,0.00016
Miller,0.000122,Keyla,0.00016
Tristian,0.000122,Sharon,0.00016
Cristiano,0.000121,Audriana,0.00016
Deshawn,0.000121,Emmaline,0.000159
Ernest,0.000121,Kimora,0.000159
Kamdyn,0.000121,Mckayla,0.000159
Rylee,0.000121,Saniyah,0.000159
Zavier,0.000121,Wynter,0.000159
Agustin,0.00012,Avianna,0.000159
Dimitri,0.00012,Jaida,0.000158
Dwayne,0.00012,Salma,0.000158
Ford,0.00012,Karlie,0.000157
Rey,0.00012,Zendaya,0.000157
Vance,0.00012,Amalia,0.000157
Santana,0.000119,Diamond,0.000157
Ramiro,0.000119,Kaidence,0.000157
Arnav,0.000118,Kairi,0.000157
Jamarion,0.000118,Libby,0.000157
Sonny,0.000118,Sherlyn,0.000156
Brice,0.000118,Ellison,0.000156
Gilbert,0.000118,Holland,0.000156
Jordyn,0.000118,Alisha,0.000155
Kaeden,0.000117,Kaleigh,0.000155
Leighton,0.000117,Miya,0.000155
Aaden,0.000117,Ayanna,0.000155
Coen,0.000117,Emmeline,0.000155
Seamus,0.000117,Harlee,0.000155
Anton,0.000116,Lilyanna,0.000155
Aydan,0.000116,Mariyah,0.000155
Rolando,0.000116,Yasmin,0.000155
Salvatore,0.000116,Zainab,0.000155
Chevy,0.000116,Anniston,0.000154
Zaire,0.000116,Estelle,0.000154
Darwin,0.000115,Julianne,0.000154
Lachlan,0.000115,Bryleigh,0.000153
Lochlan,0.000115,Zion,0.000153
Randall,0.000115,Anabel,0.000152
Santos,0.000115,Astrid,0.000152
Jayse,0.000115,Faye,0.000152
Mustafa,0.000115,Kiana,0.000152
Yael,0.000115,Tabitha,0.000152
Clinton,0.000114,Tara,0.000152
Grey,0.000114,Sidney,0.000151
Johnathon,0.000114,Zahra,0.000151
Kannon,0.000114,Emerie,0.000151
Kohen,0.000114,Janae,0.000151
Rashad,0.000114,Rivka,0.00015
Konner,0.000114,Alyvia,0.000149
Davin,0.000113,Aubriella,0.000149
Jovani,0.000113,Ingrid,0.000149
Maximo,0.000113,Jaylin,0.000149
Aidyn,0.000112,Kinslee,0.000149
Alvaro,0.000112,Lilia,0.000149
Jordy,0.000112,Macey,0.000149
Heath,0.000112,Addilynn,0.000148
Kymani,0.000112,Hadlee,0.000148
Ephraim,0.000111,Kaitlynn,0.000148
Kamron,0.000111,Azaria,0.000148
Frankie,0.000111,Kaiya,0.000148
Houston,0.000111,Mercy,0.000148
Yehuda,0.000111,Neriah,0.000148
Craig,0.00011,Noa,0.000148
Vaughn,0.00011,Reina,0.000148
Rodolfo,0.00011,Annabell,0.000147
Ameer,0.000109,Mattie,0.000147
Cristopher,0.000109,Ariyah,0.000147
Gino,0.000109,Clementine,0.000147
Gordon,0.000109,Marleigh,0.000147
Harlan,0.000109,Scarlette,0.000147
Turner,0.000109,Alisson,0.000146
Vivaan,0.000109,Frida,0.000146
Benton,0.000109,Maliah,0.000146
Dash,0.000109,Alisa,0.000146
Gavyn,0.000109,Alannah,0.000145
Jaycob,0.000109,Ann,0.000145
Jericho,0.000109,Dalia,0.000145
Jovanni,0.000109,Sonia,0.000145
Coleman,0.000109,Avalynn,0.000144
Makhi,0.000109,Renee,0.000144
Dominique,0.000108,Judith,0.000144
Truman,0.000108,Louisa,0.000144
Zaid,0.000108,Remy,0.000144
Anakin,0.000108,Stevie,0.000144
Augustine,0.000108,Ayva,0.000143
Camren,0.000108,Paulina,0.000143
Eliseo,0.000108,Estella,0.000143
Emmet,0.000108,Milani,0.000143
Judson,0.000108,Raina,0.000143
Khalid,0.000108,Azariah,0.000142
Quintin,0.000108,Gwen,0.000142
Semaj,0.000108,Julieta,0.000142
Baylor,0.000107,Aubrianna,0.000142
Damari,0.000107,Abrielle,0.000141
Efrain,0.000107,Bryn,0.000141
Camilo,0.000106,Lesly,0.000141
Deangelo,0.000106,Riya,0.000141
Kamryn,0.000106,Moriah,0.000141
Giovanny,0.000106,Carlie,0.00014
Kale,0.000106,Landry,0.00014
Broderick,0.000105,Pyper,0.00014
Dario,0.000105,Karter,0.00014
Kaison,0.000105,Kylah,0.00014
Koen,0.000105,Magdalena,0.00014
Magnus,0.000105,Ryann,0.00014
Mike,0.000105,Abril,0.000139
Bodie,0.000105,Antonia,0.000139
Jayvion,0.000105,Jocelynn,0.000139
Brayson,0.000104,Annalee,0.000139
Chace,0.000104,Ireland,0.000139
Teagan,0.000104,Kailani,0.000139
Darien,0.000104,Patience,0.000139
Valentin,0.000104,Rosalyn,0.000139
Bridger,0.000103,Tamia,0.000139
Menachem,0.000103,Alaysia,0.000138
Rocky,0.000103,Aya,0.000138
Boden,0.000103,Kai,0.000138
Howard,0.000103,Mercedes,0.000138
Kylen,0.000103,Micah,0.000138
Foster,0.000102,Samiyah,0.000137
Maddux,0.000102,Nala,0.000137
Ean,0.000102,Yaritza,0.000137
Jair,0.000102,Aanya,0.000136
Osvaldo,0.000102,Cordelia,0.000136
Ayan,0.000101,Paula,0.000136
Reyansh,0.000101,Belen,0.000136
Tyree,0.000101,Neveah,0.000136
Garrison,0.000101,Kaya,0.000135
Reagan,0.000101,Alianna,0.000135
